id;annee
article_414.json,2010
article_140.json,2014
article_841.json,2006
article_892.json,2005
article_681.json,2007
article_371.json,2011
article_1003.json,2005
article_1134.json,2016
article_279.json,2011
article_919.json,2005
article_236.json,2012
article_326.json,2011
article_838.json,2006
article_1280.json,2018
article_297.json,2011
article_1101.json,2004
article_328.json,2011
article_455.json,2010
article_208.json,2013
article_264.json,2012
article_174.json,2013
article_280.json,2011
article_582.json,2008
article_862.json,2006
article_611.json,2008
article_313.json,2011
article_988.json,2005
article_529.json,2009
article_1078.json,2004
article_318.json,2011
article_179.json,2013
article_146.json,2014
article_1315.json,2018
article_497.json,2009
article_600.json,2008
article_135.json,2014
article_751.json,2007
article_56.json,2015
article_212.json,2012
article_1044.json,2004
article_1107.json,2016
article_993.json,2005
article_514.json,2009
article_449.json,2010
article_187.json,2013
article_579.json,2008
article_559.json,2009
article_1119.json,2016
article_273.json,2012
article_1144.json,2016
article_1075.json,2004
article_621.json,2008
article_923.json,2005
article_334.json,2011
article_978.json,2005
article_151.json,2014
article_924.json,2005
article_634.json,2008
article_30.json,2015
article_189.json,2013
article_407.json,2010
article_1056.json,2004
article_293.json,2011
article_285.json,2011
article_1328.json,2018
article_684.json,2007
article_1130.json,2016
article_1201.json,2017
article_376.json,2010
article_1177.json,2016
article_799.json,2006
article_107.json,2014
article_896.json,2005
article_1204.json,2017
article_717.json,2007
article_470.json,2010
article_756.json,2007
article_124.json,2014
article_1073.json,2004
article_1207.json,2017
article_281.json,2011
article_203.json,2013
article_803.json,2006
article_1023.json,2004
article_1173.json,2016
article_227.json,2012
article_1008.json,2005
article_951.json,2005
article_21.json,2015
article_1195.json,2017
article_129.json,2014
article_1111.json,2016
article_734.json,2007
article_1092.json,2004
article_790.json,2006
article_573.json,2008
article_793.json,2006
article_403.json,2010
article_922.json,2005
article_1327.json,2018
article_775.json,2006
article_157.json,2013
article_742.json,2007
article_9.json,2015
article_499.json,2009
article_1287.json,2018
article_708.json,2007
article_415.json,2010
article_472.json,2010
article_1267.json,2018
article_1102.json,2004
article_15.json,2015
article_395.json,2010
article_471.json,2010
article_585.json,2008
article_566.json,2009
article_950.json,2005
article_12.json,2015
article_303.json,2011
article_1011.json,2005
article_1250.json,2017
article_118.json,2014
article_679.json,2007
article_459.json,2010
article_152.json,2014
article_1295.json,2018
article_565.json,2009
article_439.json,2010
article_1132.json,2016
article_1035.json,2004
article_394.json,2010
article_495.json,2009
article_475.json,2010
article_425.json,2010
article_1143.json,2016
article_795.json,2006
article_262.json,2012
article_1148.json,2016
article_538.json,2009
article_511.json,2009
article_603.json,2008
article_930.json,2005
article_1072.json,2004
article_225.json,2012
article_330.json,2011
article_1183.json,2016
article_1213.json,2017
article_1081.json,2004
article_1317.json,2018
article_74.json,2014
article_233.json,2012
article_871.json,2005
article_396.json,2010
article_1149.json,2016
article_155.json,2013
article_1256.json,2017
article_1217.json,2017
article_666.json,2008
article_168.json,2013
article_344.json,2011
article_534.json,2009
article_16.json,2015
article_815.json,2006
article_839.json,2006
article_479.json,2010
article_740.json,2007
article_1312.json,2018
article_525.json,2009
article_783.json,2006
article_726.json,2007
article_1146.json,2016
article_786.json,2006
article_204.json,2013
article_1071.json,2004
article_332.json,2011
article_912.json,2005
article_20.json,2015
article_989.json,2005
article_690.json,2007
article_674.json,2008
article_1070.json,2004
article_820.json,2006
article_429.json,2010
article_57.json,2015
article_981.json,2005
article_513.json,2009
article_75.json,2014
article_1178.json,2016
article_1239.json,2017
article_336.json,2011
article_1238.json,2017
article_25.json,2015
article_586.json,2008
article_1046.json,2004
article_946.json,2005
article_1278.json,2018
article_87.json,2014
article_144.json,2014
article_1293.json,2018
article_33.json,2015
article_570.json,2009
article_574.json,2008
article_970.json,2005
article_300.json,2011
article_755.json,2007
article_1133.json,2016
article_671.json,2008
article_306.json,2011
article_507.json,2009
article_41.json,2015
article_840.json,2006
article_241.json,2012
article_1284.json,2018
article_576.json,2008
article_1066.json,2004
article_292.json,2011
article_853.json,2006
article_476.json,2010
article_591.json,2008
article_7.json,2015
article_1055.json,2004
article_447.json,2010
article_1097.json,2004
article_458.json,2010
article_723.json,2007
article_973.json,2005
article_526.json,2009
article_509.json,2009
article_766.json,2007
article_196.json,2013
article_1181.json,2016
article_701.json,2007
article_913.json,2005
article_316.json,2011
article_909.json,2005
article_354.json,2011
article_557.json,2009
article_767.json,2006
article_645.json,2008
article_1330.json,2018
article_437.json,2010
article_321.json,2011
article_760.json,2007
article_776.json,2006
article_389.json,2010
article_258.json,2012
article_410.json,2010
article_916.json,2005
article_605.json,2008
article_510.json,2009
article_711.json,2007
article_1260.json,2018
article_481.json,2010
article_532.json,2009
article_1057.json,2004
article_444.json,2010
article_456.json,2010
article_180.json,2013
article_749.json,2007
article_1252.json,2017
article_992.json,2005
article_966.json,2005
article_253.json,2012
article_345.json,2011
article_487.json,2010
article_861.json,2006
article_571.json,2009
article_809.json,2006
article_485.json,2010
article_1212.json,2017
article_286.json,2011
article_622.json,2008
article_888.json,2005
article_310.json,2011
article_849.json,2006
article_886.json,2005
article_1039.json,2004
article_660.json,2008
article_932.json,2005
article_466.json,2010
article_440.json,2010
article_614.json,2008
article_249.json,2012
article_564.json,2009
article_808.json,2006
article_918.json,2005
article_880.json,2005
article_1302.json,2018
article_676.json,2007
article_1145.json,2016
article_994.json,2005
article_93.json,2014
article_1251.json,2017
article_814.json,2006
article_419.json,2010
article_1220.json,2017
article_384.json,2010
article_312.json,2011
article_49.json,2015
article_801.json,2006
article_79.json,2014
article_1222.json,2017
article_81.json,2014
article_1058.json,2004
article_6.json,2015
article_97.json,2014
article_1108.json,2016
article_1190.json,2017
article_62.json,2015
article_601.json,2008
article_1225.json,2017
article_846.json,2006
article_748.json,2007
article_1151.json,2016
article_977.json,2005
article_383.json,2010
article_828.json,2006
article_648.json,2008
article_1054.json,2004
article_161.json,2013
article_1034.json,2004
article_379.json,2010
article_52.json,2015
article_67.json,2015
article_66.json,2015
article_1277.json,2018
article_1221.json,2017
article_71.json,2014
article_1291.json,2018
article_1069.json,2004
article_342.json,2011
article_40.json,2015
article_1017.json,2005
article_247.json,2012
article_540.json,2009
article_523.json,2009
article_435.json,2010
article_719.json,2007
article_933.json,2005
article_851.json,2006
article_170.json,2013
article_741.json,2007
article_811.json,2006
article_1276.json,2018
article_1064.json,2004
article_1169.json,2016
article_954.json,2005
article_765.json,2007
article_669.json,2008
article_350.json,2011
article_796.json,2006
article_625.json,2008
article_1309.json,2018
article_1105.json,2016
article_1104.json,2016
article_294.json,2011
article_1268.json,2018
article_685.json,2007
article_721.json,2007
article_824.json,2006
article_381.json,2010
article_770.json,2006
article_560.json,2009
article_524.json,2009
article_731.json,2007
article_275.json,2012
article_944.json,2005
article_594.json,2008
article_675.json,2007
article_337.json,2011
article_172.json,2013
article_54.json,2015
article_819.json,2006
article_725.json,2007
article_667.json,2008
article_689.json,2007
article_610.json,2008
article_1152.json,2016
article_1246.json,2017
article_1172.json,2016
article_276.json,2011
article_257.json,2012
article_987.json,2005
article_1103.json,2004
article_1077.json,2004
article_173.json,2013
article_223.json,2012
article_872.json,2005
article_406.json,2010
article_1209.json,2017
article_615.json,2008
article_584.json,2008
article_504.json,2009
article_498.json,2009
article_211.json,2012
article_572.json,2008
article_491.json,2009
article_805.json,2006
article_387.json,2010
article_120.json,2014
article_277.json,2011
article_990.json,2005
article_26.json,2015
article_647.json,2008
article_807.json,2006
article_39.json,2015
article_1263.json,2018
article_1196.json,2017
article_231.json,2012
article_461.json,2010
article_929.json,2005
article_291.json,2011
article_333.json,2011
article_73.json,2014
article_178.json,2013
article_754.json,2007
article_729.json,2007
article_1.json,2015
article_320.json,2011
article_402.json,2010
article_1124.json,2016
article_927.json,2005
article_252.json,2012
article_50.json,2015
article_1226.json,2017
article_592.json,2008
article_1320.json,2018
article_677.json,2007
article_27.json,2015
article_138.json,2014
article_442.json,2010
article_505.json,2009
article_143.json,2014
article_102.json,2014
article_705.json,2007
article_952.json,2005
article_494.json,2009
article_229.json,2012
article_171.json,2013
article_743.json,2007
article_722.json,2007
article_728.json,2007
article_101.json,2014
article_159.json,2013
article_1016.json,2005
article_1000.json,2005
article_305.json,2011
article_792.json,2006
article_242.json,2012
article_771.json,2006
article_1272.json,2018
article_893.json,2005
article_714.json,2007
article_1274.json,2018
article_710.json,2007
article_103.json,2014
article_859.json,2006
article_4.json,2015
article_613.json,2008
article_131.json,2014
article_1141.json,2016
article_693.json,2007
article_847.json,2006
article_707.json,2007
article_901.json,2005
article_655.json,2008
article_1049.json,2004
article_142.json,2014
article_317.json,2011
article_133.json,2014
article_520.json,2009
article_959.json,2005
article_791.json,2006
article_884.json,2005
article_1206.json,2017
article_915.json,2005
article_98.json,2014
article_618.json,2008
article_672.json,2008
article_244.json,2012
article_632.json,2008
article_835.json,2006
article_267.json,2012
article_852.json,2006
article_542.json,2009
article_263.json,2012
article_1082.json,2004
article_1106.json,2016
article_234.json,2012
article_127.json,2014
article_735.json,2007
article_608.json,2008
article_1316.json,2018
article_1304.json,2018
article_10.json,2015
article_38.json,2015
article_228.json,2012
article_248.json,2012
article_123.json,2014
article_1033.json,2004
article_436.json,2010
article_695.json,2007
article_882.json,2005
article_1182.json,2016
article_121.json,2014
article_817.json,2006
article_506.json,2009
article_1188.json,2017
article_1170.json,2016
article_358.json,2011
article_366.json,2011
article_220.json,2012
article_1275.json,2018
article_1186.json,2016
article_235.json,2012
article_938.json,2005
article_164.json,2013
article_1230.json,2017
article_1203.json,2017
article_420.json,2010
article_1117.json,2016
article_190.json,2013
article_78.json,2014
article_823.json,2006
article_301.json,2011
article_370.json,2011
article_1164.json,2016
article_1142.json,2016
article_724.json,2007
article_206.json,2013
article_1214.json,2017
article_32.json,2015
article_1242.json,2017
article_869.json,2006
article_462.json,2010
article_857.json,2006
article_375.json,2011
article_1032.json,2004
article_925.json,2005
article_1041.json,2004
article_567.json,2009
article_1095.json,2004
article_802.json,2006
article_949.json,2005
article_1249.json,2017
article_562.json,2009
article_22.json,2015
article_346.json,2011
article_1021.json,2005
article_1131.json,2016
article_430.json,2010
article_209.json,2013
article_1113.json,2016
article_441.json,2010
article_1233.json,2017
article_176.json,2013
article_964.json,2005
article_1310.json,2018
article_148.json,2014
article_1205.json,2017
article_296.json,2011
article_1165.json,2016
article_558.json,2009
article_718.json,2007
article_1024.json,2004
article_411.json,2010
article_530.json,2009
article_583.json,2008
article_773.json,2006
article_113.json,2014
article_64.json,2015
article_1013.json,2005
article_875.json,2005
article_1080.json,2004
article_160.json,2013
article_1307.json,2018
article_856.json,2006
article_1257.json,2017
article_329.json,2011
article_1136.json,2016
article_590.json,2008
article_1322.json,2018
article_866.json,2006
article_1202.json,2017
article_450.json,2010
article_482.json,2010
article_99.json,2014
article_1283.json,2018
article_652.json,2008
article_289.json,2011
article_907.json,2005
article_842.json,2006
article_822.json,2006
article_715.json,2007
article_593.json,2008
article_238.json,2012
article_1157.json,2016
article_1271.json,2018
article_460.json,2010
article_549.json,2009
article_1288.json,2018
article_991.json,2005
article_975.json,2005
article_956.json,2005
article_1191.json,2017
article_940.json,2005
article_1300.json,2018
article_335.json,2011
article_61.json,2015
article_117.json,2014
article_126.json,2014
article_214.json,2012
article_1076.json,2004
article_527.json,2009
article_1110.json,2016
article_1061.json,2004
article_1128.json,2016
article_780.json,2006
article_1259.json,2017
article_877.json,2005
article_63.json,2015
article_553.json,2009
article_197.json,2013
article_833.json,2006
article_100.json,2014
article_787.json,2006
article_967.json,2005
article_1286.json,2018
article_373.json,2011
article_1019.json,2005
article_974.json,2005
article_788.json,2006
article_65.json,2015
article_453.json,2010
article_698.json,2007
article_733.json,2007
article_972.json,2005
article_404.json,2010
article_1215.json,2017
article_243.json,2012
article_13.json,2015
article_246.json,2012
article_51.json,2015
article_322.json,2011
article_149.json,2014
article_552.json,2009
article_85.json,2014
article_1325.json,2018
article_943.json,2005
article_1096.json,2004
article_997.json,2005
article_668.json,2008
article_1139.json,2016
article_169.json,2013
article_255.json,2012
article_1323.json,2018
article_1120.json,2016
article_55.json,2015
article_764.json,2007
article_995.json,2005
article_1324.json,2018
article_290.json,2011
article_1147.json,2016
article_644.json,2008
article_53.json,2015
article_935.json,2005
article_845.json,2006
article_1059.json,2004
article_314.json,2011
article_1253.json,2017
article_626.json,2008
article_1014.json,2005
article_609.json,2008
article_104.json,2014
article_473.json,2010
article_1163.json,2016
article_141.json,2014
article_744.json,2007
article_1197.json,2017
article_826.json,2006
article_976.json,2005
article_774.json,2006
article_1265.json,2018
article_175.json,2013
article_1319.json,2018
article_758.json,2007
article_804.json,2006
article_302.json,2011
article_84.json,2014
article_917.json,2005
article_89.json,2014
article_237.json,2012
article_83.json,2014
article_1004.json,2005
article_1127.json,2016
article_1305.json,2018
article_181.json,2013
article_418.json,2010
article_1091.json,2004
article_550.json,2009
article_1210.json,2017
article_535.json,2009
article_650.json,2008
article_999.json,2005
article_980.json,2005
article_596.json,2008
article_680.json,2007
article_831.json,2006
article_673.json,2008
article_360.json,2011
article_897.json,2005
article_1109.json,2016
article_968.json,2005
article_1185.json,2016
article_128.json,2014
article_1115.json,2016
article_813.json,2006
article_665.json,2008
article_260.json,2012
article_488.json,2010
article_251.json,2012
article_653.json,2008
article_696.json,2007
article_457.json,2010
article_408.json,2010
article_1281.json,2018
article_230.json,2012
article_1245.json,2017
article_130.json,2014
article_446.json,2010
article_207.json,2013
article_1093.json,2004
article_47.json,2015
article_623.json,2008
article_908.json,2005
article_443.json,2010
article_863.json,2006
article_232.json,2012
article_343.json,2011
article_761.json,2007
article_942.json,2005
article_678.json,2007
article_1179.json,2016
article_716.json,2007
article_969.json,2005
article_24.json,2015
article_95.json,2014
article_42.json,2015
article_116.json,2014
article_417.json,2010
article_753.json,2007
article_836.json,2006
article_588.json,2008
article_1085.json,2004
article_185.json,2013
article_82.json,2014
article_663.json,2008
article_539.json,2009
article_186.json,2013
article_351.json,2011
article_378.json,2010
article_11.json,2015
article_393.json,2010
article_14.json,2015
article_405.json,2010
article_139.json,2014
article_694.json,2007
article_184.json,2013
article_451.json,2010
article_971.json,2005
article_1088.json,2004
article_752.json,2007
article_543.json,2009
article_887.json,2005
article_712.json,2007
article_649.json,2008
article_340.json,2011
article_132.json,2014
article_1153.json,2016
article_112.json,2014
article_1155.json,2016
article_1193.json,2017
article_865.json,2006
article_182.json,2013
article_1208.json,2017
article_905.json,2005
article_536.json,2009
article_1036.json,2004
article_1118.json,2016
article_72.json,2014
article_1279.json,2018
article_200.json,2013
article_91.json,2014
article_365.json,2011
article_215.json,2012
article_617.json,2008
article_153.json,2014
article_687.json,2007
article_413.json,2010
article_844.json,2006
article_1161.json,2016
article_1318.json,2018
article_1026.json,2004
article_1199.json,2017
article_192.json,2013
article_630.json,2008
article_299.json,2011
article_963.json,2005
article_1015.json,2005
article_561.json,2009
article_58.json,2015
article_1159.json,2016
article_1231.json,2017
article_1269.json,2018
article_1012.json,2005
article_349.json,2011
article_883.json,2005
article_109.json,2014
article_746.json,2007
article_637.json,2008
article_727.json,2007
article_490.json,2010
article_463.json,2010
article_421.json,2010
article_554.json,2009
article_136.json,2014
article_1303.json,2018
article_599.json,2008
article_658.json,2008
article_222.json,2012
article_298.json,2011
article_484.json,2010
article_323.json,2011
article_1218.json,2017
article_355.json,2011
article_777.json,2006
article_589.json,2008
article_1174.json,2016
article_278.json,2011
article_156.json,2013
article_1052.json,2004
article_483.json,2010
article_1079.json,2004
article_150.json,2014
article_125.json,2014
article_80.json,2014
article_982.json,2005
article_1162.json,2016
article_1311.json,2018
article_860.json,2006
article_555.json,2009
article_1198.json,2017
article_154.json,2014
article_424.json,2010
article_873.json,2005
article_43.json,2015
article_1121.json,2016
article_261.json,2012
article_580.json,2008
article_1273.json,2018
article_633.json,2008
article_380.json,2010
article_659.json,2008
article_5.json,2015
article_1030.json,2004
article_979.json,2005
article_920.json,2005
article_96.json,2014
article_894.json,2005
article_1045.json,2004
article_867.json,2006
article_217.json,2012
article_259.json,2012
article_903.json,2005
article_199.json,2013
article_1282.json,2018
article_874.json,2005
article_188.json,2013
article_1084.json,2004
article_598.json,2008
article_1232.json,2017
article_338.json,2011
article_544.json,2009
article_1002.json,2005
article_1258.json,2017
article_Id_article.json,year
article_1192.json,2017
article_362.json,2011
article_88.json,2014
article_1150.json,2016
article_183.json,2013
article_1326.json,2018
article_8.json,2015
article_426.json,2010
article_1135.json,2016
article_1047.json,2004
article_106.json,2014
article_110.json,2014
article_1297.json,2018
article_998.json,2005
article_474.json,2010
article_936.json,2005
article_502.json,2009
article_193.json,2013
article_468.json,2010
article_556.json,2009
article_1175.json,2016
article_522.json,2009
article_941.json,2005
article_1028.json,2004
article_631.json,2008
article_512.json,2009
article_1090.json,2004
article_934.json,2005
article_957.json,2005
article_1114.json,2016
article_397.json,2010
article_732.json,2007
article_1234.json,2017
article_94.json,2014
article_769.json,2006
article_319.json,2011
article_1009.json,2005
article_219.json,2012
article_945.json,2005
article_372.json,2011
article_1018.json,2005
article_162.json,2013
article_432.json,2010
article_1306.json,2018
article_218.json,2012
article_1060.json,2004
article_1126.json,2016
article_885.json,2005
article_48.json,2015
article_953.json,2005
article_900.json,2005
article_602.json,2008
article_288.json,2011
article_635.json,2008
article_508.json,2009
article_Id.json,year
article_1098.json,2004
article_616.json,2008
article_1289.json,2018
article_806.json,2006
article_382.json,2010
article_274.json,2012
article_448.json,2010
article_931.json,2005
article_399.json,2010
article_781.json,2006
article_282.json,2011
article_870.json,2005
article_646.json,2008
article_198.json,2013
article_1051.json,2004
article_1227.json,2017
article_782.json,2006
article_704.json,2007
article_367.json,2011
article_357.json,2011
article_28.json,2015
article_1270.json,2018
article_412.json,2010
article_612.json,2008
article_876.json,2005
article_324.json,2011
article_268.json,2012
article_250.json,2012
article_1321.json,2018
article_34.json,2015
article_639.json,2008
article_147.json,2014
article_683.json,2007
article_114.json,2014
article_76.json,2014
article_515.json,2009
article_763.json,2007
article_433.json,2010
article_70.json,2014
article_1187.json,2016
article_45.json,2015
article_205.json,2013
article_165.json,2013
article_661.json,2008
article_697.json,2007
article_194.json,2013
article_640.json,2008
article_46.json,2015
article_304.json,2011
article_331.json,2011
article_1040.json,2004
article_843.json,2006
article_713.json,2007
article_1125.json,2016
article_546.json,2009
article_1038.json,2004
article_545.json,2009
article_401.json,2010
article_469.json,2010
article_1308.json,2018
article_438.json,2010
article_1029.json,2004
article_374.json,2011
article_607.json,2008
article_518.json,2009
article_1089.json,2004
article_18.json,2015
article_86.json,2014
article_1166.json,2016
article_347.json,2011
article_77.json,2014
article_638.json,2008
article_364.json,2011
article_911.json,2005
article_1086.json,2004
article_486.json,2010
article_1112.json,2016
article_213.json,2012
article_503.json,2009
article_1031.json,2004
article_531.json,2009
article_1005.json,2005
article_427.json,2010
article_762.json,2007
article_390.json,2010
article_1050.json,2004
article_902.json,2005
article_533.json,2009
article_489.json,2010
article_1285.json,2018
article_643.json,2008
article_1262.json,2018
article_454.json,2010
article_284.json,2011
article_1266.json,2018
article_830.json,2006
article_477.json,2010
article_1074.json,2004
article_431.json,2010
article_36.json,2015
article_id.json,year
article_739.json,2007
article_895.json,2005
article_789.json,2006
article_266.json,2012
article_996.json,2005
article_122.json,2014
article_651.json,2008
article_35.json,2015
article_341.json,2011
article_1236.json,2017
article_369.json,2011
article_295.json,2011
article_898.json,2005
article_965.json,2005
article_624.json,2008
article_1314.json,2018
article_686.json,2007
article_798.json,2006
article_105.json,2014
article_1211.json,2017
article_270.json,2012
article_1255.json,2017
article_619.json,2008
article_327.json,2011
article_736.json,2007
article_216.json,2012
article_868.json,2006
article_854.json,2006
article_1189.json,2017
article_226.json,2012
article_1006.json,2005
article_1020.json,2005
article_465.json,2010
article_910.json,2005
article_271.json,2012
article_1043.json,2004
article_984.json,2005
article_587.json,2008
article_493.json,2009
article_445.json,2010
article_307.json,2011
article_1048.json,2004
article_1116.json,2016
article_111.json,2014
article_962.json,2005
article_37.json,2015
article_1138.json,2016
article_115.json,2014
article_467.json,2010
article_947.json,2005
article_1010.json,2005
article_1122.json,2016
article_904.json,2005
article_492.json,2009
article_629.json,2008
article_422.json,2010
article_961.json,2005
article_166.json,2013
article_664.json,2008
article_800.json,2006
article_521.json,2009
article_353.json,2011
article_890.json,2005
article_706.json,2007
article_1037.json,2004
article_269.json,2012
article_641.json,2008
article_878.json,2005
article_627.json,2008
article_986.json,2005
article_392.json,2010
article_821.json,2006
article_682.json,2007
article_359.json,2011
article_779.json,2006
article_1241.json,2017
article_692.json,2007
article_703.json,2007
article_428.json,2010
article_750.json,2007
article_827.json,2006
article_283.json,2011
article_517.json,2009
article_1067.json,2004
article_1099.json,2004
article_720.json,2007
article_256.json,2012
article_92.json,2014
article_730.json,2007
article_785.json,2006
article_948.json,2005
article_1063.json,2004
article_1083.json,2004
article_409.json,2010
article_1244.json,2017
article_1042.json,2004
article_3.json,2015
article_528.json,2009
article_1264.json,2018
article_434.json,2010
article_816.json,2006
article_1007.json,2005
article_398.json,2010
article_1194.json,2017
article_177.json,2013
article_810.json,2006
article_1180.json,2016
article_452.json,2010
article_794.json,2006
article_812.json,2006
article_287.json,2011
article_145.json,2014
article_955.json,2005
article_688.json,2007
article_254.json,2012
article_195.json,2013
article_31.json,2015
article_1156.json,2016
article_1129.json,2016
article_1001.json,2005
article_1068.json,2004
article_224.json,2012
article_747.json,2007
article_496.json,2009
article_265.json,2012
article_272.json,2012
article_1294.json,2018
article_1329.json,2018
article_1228.json,2017
article_1248.json,2017
article_569.json,2009
article_1027.json,2004
article_939.json,2005
article_119.json,2014
article_167.json,2013
article_1087.json,2004
article_604.json,2008
article_848.json,2006
article_642.json,2008
article_597.json,2008
article_772.json,2006
article_478.json,2010
article_1025.json,2004
article_547.json,2009
article_914.json,2005
article_158.json,2013
article_1224.json,2017
article_348.json,2011
article_60.json,2015
article_855.json,2006
article_501.json,2009
article_400.json,2010
article_356.json,2011
article_1296.json,2018
article_1292.json,2018
article_891.json,2005
article_670.json,2008
article_881.json,2005
article_1254.json,2017
article_500.json,2009
article_636.json,2008
article_19.json,2015
article_620.json,2008
article_1290.json,2018
article_541.json,2009
article_928.json,2005
article_59.json,2015
article_757.json,2007
article_1171.json,2016
article_108.json,2014
article_221.json,2012
article_581.json,2008
article_1219.json,2017
article_201.json,2013
article_1154.json,2016
article_361.json,2011
article_548.json,2009
article_134.json,2014
article_90.json,2014
article_386.json,2010
article_606.json,2008
article_864.json,2006
article_68.json,2014
article_654.json,2008
article_537.json,2009
article_137.json,2014
article_926.json,2005
article_937.json,2005
article_879.json,2005
article_1313.json,2018
article_1200.json,2017
article_377.json,2010
article_759.json,2007
article_29.json,2015
article_899.json,2005
article_339.json,2011
article_818.json,2006
article_210.json,2013
article_240.json,2012
article_516.json,2009
article_1137.json,2016
article_745.json,2007
article_1216.json,2017
article_1261.json,2018
article_368.json,2011
article_563.json,2009
article_1158.json,2016
article_391.json,2010
article_657.json,2008
article_2.json,2015
article_1065.json,2004
article_423.json,2010
article_906.json,2005
article_691.json,2007
article_784.json,2006
article_825.json,2006
article_1062.json,2004
article_921.json,2005
article_44.json,2015
article_551.json,2009
article_778.json,2006
article_829.json,2006
article_737.json,2007
article_1100.json,2004
article_858.json,2006
article_315.json,2011
article_850.json,2006
article_709.json,2007
article_1022.json,2004
article_985.json,2005
article_1184.json,2016
article_385.json,2010
article_578.json,2008
article_832.json,2006
article_1176.json,2016
article_656.json,2008
article_700.json,2007
article_702.json,2007
article_837.json,2006
article_69.json,2014
article_1094.json,2004
article_699.json,2007
article_388.json,2010
article_738.json,2007
article_308.json,2011
article_983.json,2005
article_239.json,2012
article_595.json,2008
article_202.json,2013
article_575.json,2008
article_1053.json,2004
article_191.json,2013
article_163.json,2013
article_325.json,2011
article_480.json,2010
article_1299.json,2018
article_1298.json,2018
article_416.json,2010
article_311.json,2011
article_363.json,2011
article_464.json,2010
article_889.json,2005
article_568.json,2009
article_958.json,2005
article_768.json,2006
article_577.json,2008
article_1240.json,2017
article_309.json,2011
article_519.json,2009
article_245.json,2012
article_628.json,2008
article_17.json,2015
article_960.json,2005
article_352.json,2011
article_797.json,2006
article_662.json,2008
article_834.json,2006
article_23.json,2015
